id;abbr;description;y;x;z;agency;station;canton;municipality
847;WWE;Winterthur West (Abzw);696353.932;260972.934;438.7;SBB CFF;0;ZH;Winterthur
3160;STRI;Steinhausen Rigiblick;678900.279;226846.768;416.37;SBB CFF;1;;
1195;KMUE;Zug Chollermüli;679224.896;226094.959;419;SBB CFF;1;ZG;Zug
1253;RBL;RB Limmattal;670828;252872;394;SBB CFF;0;AG;Spreitenbach
1344;OWTU;Oberwinterthur Unterhaltanlage;700118.276;263520.671;457.5;SBB CFF;1;ZH;Winterthur
338;LANG;Langacher (Spw);667472.303;254462.46;401.5;SBB CFF;0;AG;Neuenhof
346;LEI;Leibstadt;654675.006;271647.116;312.8;SBB CFF;0;AG;Leibstadt
348;FE;Felsenau AG;658845.02;273058.36;320.4;SBB CFF;0;AG;Leuggern
349;KB;Koblenz;659291.983;272481.134;320.3;SBB CFF;1;AG;Koblenz
350;RIET;Rietheim;663072.457;272566.049;332.4;SBB CFF;1;AG;Rietheim
351;ZZ;Bad Zurzach;664460.795;271198.228;338;SBB CFF;1;AG;Bad Zurzach
352;REK;Rekingen AG;666856.015;269185.327;338.2;SBB CFF;1;AG;Rekingen (AG)
359;WK;Weiach-Kaiserstuhl;674269.84;268571.439;368.2;SBB CFF;1;ZH;Weiach
360;ZWD;Zweidlen;677448.983;269367.855;368.2;SBB CFF;1;ZH;Glattfelden
361;EGL;Eglisau;681105.648;269631.209;390.2;SBB CFF;1;ZH;Eglisau
362;GF;Glattfelden;681706.34;266991.071;410;SBB CFF;1;ZH;Bülach
363;BUE;Bülach;682659.485;264267.974;427.5;SBB CFF;1;ZH;Bülach
364;EMB;Embrach-Rorbas;686495.005;263949.315;423.3;SBB CFF;1;ZH;Embrach
365;PFU;Pfungen-Neftenbach;690988.664;263510.684;412.2;SBB CFF;1;ZH;Pfungen
366;WWUE;Winterthur Wülflingen;693588.586;262483.483;422;SBB CFF;1;ZH;Winterthur
367;WTOE;Winterthur Töss;695756.474;260669.01;435.2;SBB CFF;1;ZH;Winterthur
369;W;Winterthur;696830.743;261857.188;438.9;SBB CFF;1;ZH;Winterthur
370;WGR;Winterthur Grüze;698885.445;261715.637;452.1;SBB CFF;1;ZH;Winterthur
371;RAET;Räterschen;702197.628;261763.913;475.7;SBB CFF;1;ZH;Elsau
372;SCHK;Schottikon;703453.14;261945.442;486.1;SBB CFF;1;ZH;Elsau
2849;BAAL;Baar Lindenpark;681738.35;226359.542;428;SBB CFF;1;ZG;Baar
2850;CHAA;Cham Alpenblick;678283.909;226218.031;416;SBB CFF;1;ZG;Cham
2851;HUZY;Hünenberg Zythus;676676.844;225232.594;420;SBB CFF;1;ZG;Hünenberg
2852;HUCH;Hünenberg Chämleten;676669.078;224737.939;423.249;SBB CFF;1;ZG;Hünenberg
2854;FREU;Freudenberg;676881.502;222706.0086;433;SBB CFF;0;ZG;Risch
2877;ZGSE;Zug Schutzengel;681008.622;225303.093;421;SBB CFF;1;ZG;Zug
2878;ZGPP;Zug Postplatz;681751.871;224707.383;427;SBB CFF;1;ZG;Zug
2879;ZGFR;Zug Fridbach;681417.434;223402.549;432;SBB CFF;1;ZG;Zug
3223;SCAL;Schwalmenacker (Spw);697793.689;262193.012;446.74;SBB CFF;0;;
1508;LBW;Lenzburg West (Abzw);654908.571;249348.074;406;SBB CFF;0;AG;Lenzburg
1509;GEXI;Gexi;656926.616;249351.32;423;SBB CFF;0;AG;Lenzburg
1510;GEXO;Gexi Ost (Abzw);657122.251;249394.008;424;SBB CFF;0;AG;Lenzburg
1513;WON;Wohlen Nord (Abzw);662479.327;244833.279;421.2;SBB CFF;0;AG;Wohlen (AG)
1514;WOSU;Wohlen Süd (Abzw);663135.437;244121.777;423;SBB CFF;0;AG;Wohlen (AG)
1516;ZGN;Zug Nord (Abzw);681687.404;225801.916;425;SBB CFF;0;ZG;Zug
1517;ZGW;Zug West;681600.455;225309.19;425;SBB CFF;0;ZG;Zug
1518;ZGS;Zug Süd;681649.857;225290.773;425;SBB CFF;0;ZG;Zug
1567;KBD;Koblenz Dorf;660267.902;273497.073;324;SBB CFF;1;AG;Koblenz
1568;FU;Full;657020.999;273466.907;315.8;SBB CFF;0;AG;Full-Reuenthal
1569;ZASO;Zürich Altstetten Ost (Abzw);679762.435;249396.865;399.3;SBB CFF;0;ZH;Zürich
1570;KLWW;Killwangen West (Abzw);668724.546;254231.027;393.1;SBB CFF;0;AG;Killwangen
1572;ZOEN;Zürich Oerlikon Nord (Abzw);683796.681;252254.645;439.5;SBB CFF;0;ZH;Zürich
1573;ZSEO;Zürich Seebach Ost (Abzw);683664.68;252594.966;442.1;SBB CFF;0;ZH;Zürich
1574;REGW;Regensdorf West (Abzw);676871.268;255316.554;432.5;SBB CFF;0;ZH;Regensdorf
1575;OFR;Otelfingen Golfpark;672654.237;256560.978;422.1;SBB CFF;1;ZH;Otelfingen
1577;BEZ;Beznau (Agl);661212.002;268106.96;339.7;SBB CFF;0;AG;Döttingen
1578;GLBS;Glattbrugg Süd (Abzw);684528.268;253463.4;432.7;SBB CFF;0;ZH;Opfikon
1579;ZAU;Zürich Aussersihl (Abzw);681665.617;248121.156;404;SBB CFF;0;ZH;Zürich
1581;DTLS;Dietlikon Süd (Abzw);688944.342;252406.249;443.4;SBB CFF;0;ZH;Dietlikon
1586;NEGW;Neugut West bei DUE (Abzw);687823.92;250911.873;439.2;SBB CFF;0;ZH;Dübendorf
1587;NEGO;Neugut Ost bei DUE (Abzw);688023.025;251057.888;440.4;SBB CFF;0;ZH;Wallisellen
1588;CHRI;Chriesbach (Abzw);688678.488;251048.135;434.1;SBB CFF;0;ZH;Dübendorf
1589;WSO;Wallisellen Ost (Abzw);687643.463;251739.979;435;SBB CFF;0;ZH;Wallisellen
1626;ZASS;Zürich Altstetten Süd (Abzw);679560.085;249408.659;399.1;SBB CFF;0;ZH;Zürich
1627;RUEW;Rüti ZH West (Abzw);706819.455;235472.148;483.39;SBB CFF;0;ZH;Dürnten
1628;HBLO;Heitersberglinie Ost (Abzw);667815.052;254528.68;400.6;SBB CFF;0;AG;Neuenhof
1629;TWS;Thalwil Süd (Abzw);685746.362;238302.774;431.3;SBB CFF;0;ZH;Thalwil
1632;TALR;Tankanlage Rümlang;683796.688;254578.137;429.8;SBB CFF;0;ZH;Rümlang
1651;SRBO;Schaffhausen RB Ost (Ende SBB);691414.474;285664.707;413.4;SBB CFF;0;SH;Schaffhausen
1661;DOTU;Dottikon Umspannanlage;661229.2;246102.4;414;SBB CFF;0;AG;Villmergen
3062;SILB;Silberen (Abzw);671559.245;252715.227;390.781;SBB CFF;0;AG;Spreitenbach
3066;HOSA;Hochdorf Schönau;665213.918;224090.985;494;SBB CFF;1;LU;Hochdorf
3068;WHE;Winterthur Hegi;700228.262;262041.91;461.184;SBB CFF;1;ZH;Winterthur
3246;SNT;Schneit;706136.993;262378.131;497.566;SBB CFF;0;;
3247;OWTP;Oberwinterthur SA Pünten;700435.556;264342.763;462;SBB CFF;0;;
2950;BLGK;Baldegg Kloster;663819.695;225859.999;480;SBB CFF;1;LU;Hochdorf
3256;BRGG;Brunegg;659088.768;252473.007;416;SBB CFF;0;;
3257;MAET;Mägenwil West (Abzw);659783.9;251697.271;417;SBB CFF;0;;
3295;TTTT;TestTestTestTest;680000;240000;677;SBB CFF;0;;
3130;JES;Jestetten Süd;684761.644;277456.259;438.36;SBB CFF;0;;
3131;FISH;Fischerhölzli;687551.112;281031.917;415.843;SBB CFF;0;SH;Neuhausen am Rheinfall
3135;BOWN;Boniswil Nord;656190.997;241391.256;478;SBB CFF;0;AG;Hallwil
3139;ZGCA;Zug Casino;681629.443;224043.305;432;SBB CFF;1;ZG;Zug
3148;HURW;Hürlistein West;691344.796;253329.859;474.07;SBB CFF;0;ZH;Bassersdorf
3149;HURO;Hürlistein Ost;692877.92;253042.635;492.73;SBB CFF;0;ZH;Lindau
2748;STKT;St. Katharinental;697106.7;282682.9;414.4;SBB CFF;1;TG;Diessenhofen
2823;ZULQ;Zürich Limmatquai Verl. Km-Ax;683282.059;248030.421;407.7;SBB CFF;0;ZH;Zürich
2828;KLI;Klingnau;660967.477;270458.928;321.15;SBB CFF;1;AG;Klingnau
2829;ZVIA;Zürich Viadukt (Abzw);681707.984;248757.861;415.6;SBB CFF;0;ZH;Zürich
2834;MELH;Mellingen Heitersberg;663204.922;253367.262;397;SBB CFF;1;AG;Mellingen
2848;BAAN;Baar Neufeld;681784.894;226955.728;435;SBB CFF;1;ZG;Baar
543;UZ;Uznach;716785.396;231519.994;410.3;SBB CFF;1;SG;Uznach
544;SCME;Schmerikon;713958.329;231562.691;407.9;SBB CFF;1;SG;Schmerikon
545;BOL;Bollingen;709115.093;230603.498;409.5;SBB CFF;1;SG;Rapperswil-Jona
546;BLU;Blumenau;706314.852;231255.338;413.8;SBB CFF;1;SG;Rapperswil-Jona
547;RW;Rapperswil;704369.298;231356.139;408.6;SBB CFF;1;SG;Rapperswil-Jona
548;JO;Jona;705710.696;232056.973;425.2;SBB CFF;1;SG;Rapperswil-Jona
549;RUE;Rüti ZH;707125.118;235363.398;481.8;SBB CFF;1;ZH;Rüti (ZH)
550;TD;Tann-Dürnten;707006.623;236238.981;516.1;SBB CFF;1;ZH;Dürnten
551;WL;Wald;711634.01;236803.794;617.4;SBB CFF;1;ZH;Wald (ZH)
552;GIB;Gibswil;711662.451;241366.812;756.8;SBB CFF;1;ZH;Fischenthal
553;FI;Fischenthal;712209.852;243554.727;734.8;SBB CFF;1;ZH;Fischenthal
554;STG;Steg;712852.215;245852.055;694.8;SBB CFF;1;ZH;Fischenthal
555;BMA;Bauma;708731.91;247441.246;639.3;SBB CFF;1;ZH;Bauma
556;SD;Saland;706867.614;250229.022;600.8;SBB CFF;1;ZH;Bauma
557;WILA;Wila;706387.914;252840.645;569.2;SBB CFF;1;ZH;Wila
558;TU;Turbenthal;705996.4;255014.3;550.2;SBB CFF;1;ZH;Turbenthal
559;RMZ;Rämismühle-Zell;704126.6;255443.1;529.8;SBB CFF;1;ZH;Zell (ZH)
560;RN;Rikon;702399.988;255798.905;512.5;SBB CFF;1;ZH;Zell (ZH)
561;KOL;Kollbrunn;700691.912;257250.155;493;SBB CFF;1;ZH;Zell (ZH)
562;SKY;Sennhof-Kyburg;699648.332;257994.523;483.6;SBB CFF;1;ZH;Winterthur
563;WSEE;Winterthur Seen;700093.991;260477.244;467.8;SBB CFF;1;ZH;Winterthur
564;BUB;Bubikon;704731.224;236472.339;509.2;SBB CFF;1;ZH;Bubikon
565;WZ;Wetzikon;702338.709;241678.04;531.6;SBB CFF;1;ZH;Wetzikon (ZH)
566;AAT;Aathal;700289.23;243636.43;505.7;SBB CFF;1;ZH;Seegräben
567;UST;Uster;696717.719;245179.448;463.7;SBB CFF;1;ZH;Uster
568;NAEN;Nänikon-Greifensee;694244.19;247251.625;449.5;SBB CFF;1;ZH;Uster
569;SCWE;Schwerzenbach ZH;692123.19;248888.746;443.1;SBB CFF;1;ZH;Schwerzenbach
570;DUE;Dübendorf;689435.232;250592.719;439.9;SBB CFF;1;ZH;Dübendorf
571;STET;Stettbach;687381.051;250243.485;431.5;SBB CFF;1;ZH;Zürich
572;ZSTH;Zürich Stadelhofen;683831.86;246789.04;409.7;SBB CFF;1;ZH;Zürich
574;ZTB;Zürich Tiefenbrunnen;684832.486;244970.285;408;SBB CFF;1;ZH;Zürich
575;ZK;Zollikon;685483.923;243557.47;415.3;SBB CFF;1;ZH;Zollikon
576;KGO;Küsnacht Goldbach;685971.152;242399.46;417.3;SBB CFF;1;ZH;Küsnacht (ZH)
577;ERLB;Erlenbach ZH;687181.552;240074.885;419;SBB CFF;1;ZH;Erlenbach (ZH)
578;WIN;Winkel am Zürichsee;687760.2;239128.9;425.2;SBB CFF;1;ZH;Erlenbach (ZH)
579;HERL;Herrliberg-Feldmeilen;688825.313;237434.498;423.3;SBB CFF;1;ZH;Meilen
580;ML;Meilen;691234.637;236135.026;420.2;SBB CFF;1;ZH;Meilen
581;UET;Uetikon;693862.148;234977.23;413.9;SBB CFF;1;ZH;Uetikon am See
582;MAEN;Männedorf;694898.24;234370.331;419.4;SBB CFF;1;ZH;Männedorf
583;STAE;Stäfa;697139.83;232972.555;414.2;SBB CFF;1;ZH;Stäfa
584;UER;Uerikon;699493.31;232492.639;425.8;SBB CFF;1;ZH;Stäfa
585;FB;Feldbach;701824.355;232903.833;426;SBB CFF;1;ZH;Hombrechtikon
586;KPT;Kempraten;704158.668;232854.715;419.4;SBB CFF;1;SG;Rapperswil-Jona
589;HI;Hinwil;705959.834;239742.883;565.5;SBB CFF;1;ZH;Hinwil
590;ETH;Ettenhausen-Emmetschloo;705502.125;242488.196;649.5;SBB CFF;1;ZH;Wetzikon (ZH)
593;KN;Kempten;703251.292;243251.884;552.5;SBB CFF;1;ZH;Wetzikon (ZH)
594;PFZ;Pfäffikon ZH;701678.892;247121.45;547.5;SBB CFF;1;ZH;Pfäffikon
595;FET;Fehraltorf;699038.862;249082.357;531.3;SBB CFF;1;ZH;Fehraltorf
596;IL;Illnau;696914.905;251682.155;517;SBB CFF;1;ZH;Illnau-Effretikon
597;EF;Effretikon;694164.38;253527.33;509.6;SBB CFF;1;ZH;Illnau-Effretikon
598;KE;Kemptthal;695542.232;256554.759;469.2;SBB CFF;1;ZH;Lindau
599;HRD;Hard Käferberg (Abzw);680996.165;249520.378;414.7;SBB CFF;0;ZH;Zürich
600;ZOER;Zürich Oerlikon;683432.978;251778.256;441.7;SBB CFF;1;ZH;Zürich
601;WS;Wallisellen;687037.38;251962.8;430.9;SBB CFF;1;ZH;Wallisellen
602;DTL;Dietlikon;689088.666;252824.949;444.9;SBB CFF;1;ZH;Dietlikon
603;HUER;Hürlistein (Abzw);692416.238;253126.018;486.8;SBB CFF;0;ZH;Lindau
604;ZWIP;Zürich Wipkingen;682347.891;249706.969;424.6;SBB CFF;1;ZH;Zürich
605;OP;Opfikon;684735.94;253845.514;427.3;SBB CFF;1;ZH;Opfikon
606;RT;Riet (Verzw);684967.483;254851.299;433.4;SBB CFF;0;ZH;Opfikon
607;KLB;Kloten Balsberg;685389.373;255226.553;440.1;SBB CFF;1;ZH;Kloten
608;KL;Kloten;686366.471;255943.166;446.6;SBB CFF;1;ZH;Kloten
609;DORF;Dorfnest (Abzw);688317.771;255390.499;449.5;SBB CFF;0;ZH;Bassersdorf
610;BSD;Bassersdorf;689581.715;254874.936;454.8;SBB CFF;1;ZH;Bassersdorf
611;ZFH;Zürich Flughafen;684749.202;256117.524;413;SBB CFF;1;ZH;Kloten
612;GLB;Glattbrugg;684512.75;253939.28;431.4;SBB CFF;1;ZH;Opfikon
613;RUEM;Rümlang;682508.747;256495.033;429.6;SBB CFF;1;ZH;Rümlang
614;OGL;Oberglatt;680814.1;258266.162;430.2;SBB CFF;1;ZH;Oberglatt
615;NG;Niederglatt;680237.479;260178.259;424.3;SBB CFF;1;ZH;Niederglatt
616;NIE;Niederhasli;679150.259;259147.256;423.6;SBB CFF;1;ZH;Niederhasli
617;DI;Dielsdorf;676938.675;259572.799;428.6;SBB CFF;1;ZH;Dielsdorf
618;STMR;Steinmaur;675979.317;260401.724;450.7;SBB CFF;1;ZH;Steinmaur
619;SCHO;Schöfflisdorf-Oberweningen;673327.395;261256.057;461.4;SBB CFF;1;ZH;Schöfflisdorf
620;NWD;Niederweningen Dorf;671000.792;262110.842;452.5;SBB CFF;1;ZH;Niederweningen
621;NW;Niederweningen;670131.777;262688.342;444.2;SBB CFF;1;ZH;Niederweningen
626;STM;Stammheim;701464.818;276897.551;433.2;SBB CFF;1;ZH;Unterstammheim
627;OSS;Ossingen;696644.702;274562.615;427.5;SBB CFF;1;ZH;Ossingen
628;TLH;Thalheim-Altikon;699249.247;269602.427;445.9;SBB CFF;1;ZH;Thalheim an der Thur
629;DIH;Dinhard;698928.788;267787.035;462.2;SBB CFF;1;ZH;Dinhard
630;SEU;Seuzach;697900.204;265815.111;455.2;SBB CFF;1;ZH;Seuzach
631;REUT;Reutlingen;698910.259;265152.77;454.3;SBB CFF;1;ZH;Winterthur
632;WWAL;Winterthur Wallrüti;699592.125;263725.5;457.8;SBB CFF;1;ZH;Winterthur
633;HET;Hettlingen;694566.608;266836.623;425.1;SBB CFF;1;ZH;Hettlingen
634;HGT;Henggart;693798.745;268916.734;433.6;SBB CFF;1;ZH;Henggart
635;AN;Andelfingen;693214.651;272188.969;402.5;SBB CFF;1;ZH;Andelfingen
636;MTL;Marthalen;691260.518;276754.094;411.4;SBB CFF;1;ZH;Marthalen
637;DA;Dachsen;688265.821;280266.926;394;SBB CFF;1;ZH;Dachsen
638;SLF;Schloss Laufen am Rheinfall;688283.55;281320.89;389;SBB CFF;1;ZH;Laufen-Uhwiesen
639;DOE;Döttingen;661525.563;269716.487;325.4;SBB CFF;1;AG;Döttingen
641;SIG;Siggenthal-Würenlingen;660372.975;263328.871;350.7;SBB CFF;1;AG;Untersiggenthal
642;WUER;Würenlos;669315.917;255402.076;420.2;SBB CFF;1;AG;Würenlos
643;OF;Otelfingen;671555.954;256449.127;427;SBB CFF;1;ZH;Otelfingen
644;BUD;Buchs-Dällikon;675182.816;256323.901;424.2;SBB CFF;1;ZH;Buchs (ZH)
645;REG;Regensdorf-Watt;677958.614;254487.158;441.2;SBB CFF;1;ZH;Regensdorf
646;ZAF;Zürich Affoltern;680735.385;252783.706;455.69;SBB CFF;1;ZH;Zürich
647;ZSEB;Zürich Seebach;683460.93;252581.485;441.9;SBB CFF;1;ZH;Zürich
648;RBLO;RBL Ost;671794;252039;388;SBB CFF;0;ZH;Dietikon
649;RBLW;RBL West;670853;252870;394;SBB CFF;0;AG;Spreitenbach
653;HAF;Hafen Bäch (Spw);697000;228545;410.8;SBB CFF;0;SZ;Wollerau
654;ZLST;Zürich Langstrasse;682328.869;248397.079;408.8;SBB CFF;0;ZH;Zürich
3211;ZMLP;Zürich Meinrad Lienert Platz;681550;247630;420;SBB CFF;0;;
662;KUES;Küsnacht ZH;686336.871;241548.579;415.2;SBB CFF;1;ZH;Küsnacht (ZH)
710;RBLD;RBL Depot;672338;251729;389.302;SBB CFF;0;ZH;Dietikon
711;RBLT;RBL Tivoli;670461;253135;394;SBB CFF;0;AG;Spreitenbach
715;BAET;Bäretswil Tobel (Agl);706256.808;243622.895;682.6;SBB CFF;0;ZH;Bäretswil
717;RBLK;RBL Kopf Killwangen;669838;253588;396;SBB CFF;0;AG;Spreitenbach
720;RBLZ;RBL Kopf Zürich;672819;251313;388;SBB CFF;0;ZH;Dietikon
1986;HOBK;Holderbank AG;654924.998;253347.719;355;SBB CFF;1;AG;Holderbank (AG)
1988;FFPP;Frauenfeld Paketpost;711568.171;270009.248;393.2;SBB CFF;1;TG;Felben-Wellhausen
1990;WUZW;Würenlingen Zwischenlager(Agl;660623.642;265285.763;357.1;SBB CFF;0;AG;Würenlingen
2016;ZOES;Zürich Oerlikon Süd (Abzw);682893.66;251222.951;440.482;SBB CFF;0;ZH;Zürich
2017;ZLOE;Zürich HB Löwenstrasse;683106.4;248023.795;392;SBB CFF;0;ZH;Zürich
1403;GLZB;Glanzenberg;674115.512;250247.53;389.175;SBB CFF;1;ZH;Dietikon
1469;HDKN;Hendschiken Nord (Abzw);657900.455;249209.78;419;SBB CFF;0;AG;Hendschiken
1472;KBGR;Koblenz Grenze;659824.415;273465.813;328;SBB CFF;1;AG;Koblenz
1473;URDW;Urdorf Weihermatt;674888;248266;456.2;SBB CFF;1;ZH;Urdorf
1474;ZMUS;Zürich HB Museumstrasse;683226.191;248092.416;393.8;SBB CFF;0;ZH;Zürich
1475;ZHOT;Zürich Hottingen (Spw);684839.879;246967.092;398;SBB CFF;0;ZH;Zürich
3231;LBSE;Lenzburg Seetal;655298.469;249122.149;407;SBB CFF;0;;
625;HEM;Hemishofen;704714.5;281749;420.2;Ew-Sin;1;SH;Hemishofen
624;RA;Ramsen;703758;285006;419.4;Ew-Sin;1;SH;Ramsen
2439;ESSL;Esslingen;696150;238220;485.6;FB;0;ZH;Egg
2941;ZSTF;Zürich Stadelhofen FB;683806;246760;409;FB;0;ZH;Zürich
2441;LIES;Langwies ZH;695000;239100;526.1;FB;0;ZH;Egg
2442;EGG;Egg;694660;239595;545.4;FB;0;ZH;Egg
2756;SPIT;Spital Zollikerberg;687550;244700;598;FB;0;ZH;Zollikon
2443;HINT;Hinteregg;694235;240170;545.4;FB;0;ZH;Egg
2444;NHBH;Neuhaus bei Hinteregg;693400;240960;604;FB;0;ZH;Egg
2445;SCRN;Scheuren;692335;242000;657.6;FB;0;ZH;Maur
2446;FCH;Forch;691470;242320;676.2;FB;0;ZH;Küsnacht (ZH)
2447;NFCH;Neue Forch;690650;242325;675;FB;0;ZH;Küsnacht (ZH)
2448;MAIF;Maiacher;690180;242590;663.4;FB;0;ZH;Zumikon
2449;ZUM;Zumikon;689580;242960;648.3;FB;0;ZH;Zumikon
2450;WLTK;Waltikon;689010;243575;639.6;FB;0;ZH;Zumikon
2451;ZKBG;Zollikerberg;688035;244575;606.1;FB;0;ZH;Zollikon
2452;WALG;Waldburg;687225;244500;585.6;FB;0;ZH;Zollikon
2453;ZUER;Zürich Rehalp;685520;245075;522.3;FB;0;ZH;Zürich
2440;EMMA;Emmat;695565;238735;516.2;FB;0;ZH;Egg
1470;BGW;Bremgarten West;667900;244250;401;BD;0;AG;Bremgarten (AG)
3080;DTSS;Dietikon Schöneggstrasse;672655;250635;394;BD;0;ZH;Dietikon
2258;REPP;Reppischhof;672320;248640;428;BD;0;ZH;Dietikon
2259;RUD;Rudolfstetten;671250;247000;471;BD;0;AG;Rudolfstetten-Friedlisberg
2260;BEWI;Berikon-Widen;670060;246090;550;BD;0;AG;Berikon
2261;HEIN;Widen Heinrüti;669100;246065;475;BD;0;AG;Widen
2262;ERDM;Erdmannlistein;666050;244675;441;BD;0;AG;Wohlen (AG)
2263;RUHO;Rudolfstetten Hofacker;670915;246430;502;BD;0;AG;Rudolfstetten-Friedlisberg
2264;ZUFH;Zufikon Hammergut;669210;245410;460;BD;0;AG;Zufikon
2265;ZUFI;Zufikon;669210;245035;445;BD;0;AG;Zufikon
1741;WOOB;Wohlen Oberdorf;664050;244350;434;BD;0;AG;Wohlen (AG)
1085;BREG;Bremgarten;668600;244915;390;BD;1;AG;Bremgarten (AG)
3075;BGIS;Bremgarten Isenlauf;668225;244300;387;BD;0;AG;Bremgarten (AG)
3076;BGOT;Bremgarten Obertor;668380;244815;384;BD;0;AG;Bremgarten (AG)
3077;BGBI;Bibenlos-Sonnenhof;668850;245110;397;BD;0;AG;Bremgarten (AG)
3078;BEVE;Zufikon Belvédère;669555;245610;525;BD;0;AG;Zufikon
3079;BEFR;Bergfrieden;672505;250105;413;BD;0;ZH;Dietikon
2257;DSTO;Dietikon Stoffelbach;672500;249600;429;BD;0;ZH;Dietikon
1036;HUR;Hurden;703178.5;230141;408;SOB;1;SZ;Freienbach
1795;KABO;Kaltenboden (Agl);697427.33;224974.185;819;SOB;0;SZ;Feusisberg
1094;BIB;Biberbrugg;697373.36;223619.737;829.53;SOB;1;SZ;Feusisberg
1095;SCHI;Schindellegi-Feusisberg;696326.021;225829.842;754.82;SOB;1;SZ;Feusisberg
1096;RDM;Riedmatt SZ;696495.888;228089.335;544;SOB;1;SZ;Wollerau
1097;WOL;Wollerau;697476.209;227964.388;504.51;SOB;1;SZ;Freienbach
1098;WILN;Wilen bei Wollerau;698178.667;228214.671;493.6;SOB;1;SZ;Freienbach
1099;FRBS;Freienbach SOB;700065.423;228982.189;413.77;SOB;1;SZ;Freienbach
1100;SAM;Samstagern;694526.3;227484.8;628.55;SOB;1;ZH;Richterswil
1236;GRF;Grüenfeld;694613.013;228235.923;591.91;SOB;1;ZH;Richterswil
1237;BGH;Burghalden;695005.942;229396.232;529.32;SOB;1;ZH;Richterswil
1239;NBG;Neuberg;699117.989;223197.508;852.2;SOB;0;SZ;Einsiedeln
2937;PFNO;Pfäffikon SZ Nord (Abzw);702957.969;229920.493;409.744;SOB;0;SZ;Freienbach
2949;EISH;Einsiedeln Holzrüti (Agl);699469.686;222013.465;866.2;SOB;0;SZ;Einsiedeln
592;NEU;Neuthal;707707.309;246204.997;696.2;DVZO;1;ZH;Bäretswil
591;BAEW;Bäretswil;706827.059;243901.923;696.3;DVZO;1;ZH;Bäretswil
1870;JTAL;Jakobstal;713407.893;263036.635;460.75;FW;1;TG;Wängi
3214;FFMA;Frauenfeld Marktplatz FW Bahn;709896.042;268076.322;417.25;FW;0;;
1872;MATZ;Matzingen;712528.488;264375.124;447.05;FW;1;TG;Matzingen
1873;PFL;Münchwilen Pflegeheim;717071.683;260127.863;508.8;FW;1;TG;Münchwilen (TG)
1874;MURK;Murkart;711207.919;266284.32;431.55;FW;1;TG;Frauenfeld
1875;RTAL;Rosental;715782.321;261309.457;485.65;FW;1;TG;Wängi
1877;WAEN;Wängi;714126.45;261718.296;470.65;FW;1;TG;Wängi
1878;WGB;Wängi Güterbahnhof;714402.485;261618.094;474.3;FW;0;TG;Wängi
1879;WEBM;Weberei Matzingen;711700.763;265117.34;439.95;FW;1;TG;Matzingen
1880;WIGR;Wiesengrund;713772.156;262365.858;465.7;FW;1;TG;Wängi
1734;NEUK;Neunkirch;679150;282570;430;DB;1;SH;Neunkirch
1735;BERB;Beringen Bad Bf;685263.8;283325.3;441;DB;1;SH;Beringen
1736;NHDB;Neuhausen Bad Bf;688171.2;281937.1;430;DB;1;SH;Neuhausen am Rheinfall
1737;HEBL;Herblingen;691970.5;285897.4;415;DB;1;SH;Schaffhausen
1739;WIHA;Wilchingen-Hallau;676850;281300;413;DB;1;SH;Wilchingen
716;WADB;Waldshut;658691.775;274782.335;340;DB;1;;
1730;ERZB;Erzingen (Baden);674530;279335;401;DB;1;;
1731;KLLG;Klettgau Landesgrenze;674600;279500;402;DB;0;;
1732;TRHA;Trasadingen;674900;279850;403;DB;1;SH;Trasadingen
3258;BERD;Beringerfeld;686594.308;283387.187;440;DB;0;;
2866;DOG;Dogern;654805;273405;330;DB;1;;
2897;TIEN;Tiengen (Hochrhein);662600;276415;347.8;DB;0;;
2898;LAUC;Lauchringen;666400;275760;362;DB;0;;
2899;GRSS;Griessen (Baden);672165;275890;389.6;DB;0;;
3216;FFBG;Frauenfeld FW Bahn Gleisende;709722.815;268474.021;404.55;FW;0;;
1324;MWIL;Münchwilen TG;717629.624;259629.597;515.4;FW;1;TG;Münchwilen (TG)
3213;FFFW;Frauenfeld FW Bahn;709677.991;268431.448;404.8;FW;0;;
1871;LUED;Lüdem;710201.468;266711.95;424;FW;1;TG;Frauenfeld
2175;TRLI;Zürich Triemli;679824;246552;481;SZU;1;ZH;Zürich
3136;ZUSZ;Zürich HB SZU;683269.52;247930.076;395.7;SZU;1;ZH;Zürich
2177;UIWA;Uitikon Waldegg;677594;246631;621;SZU;1;ZH;Uitikon
2178;RILI;Ringlikon;678454;246016;683;SZU;1;ZH;Zürich
2179;UEBE;Uetliberg;679251;245116;812.8;SZU;1;ZH;Zürich
2180;SHF;Zürich Schweighof;680439;246560;453;SZU;1;ZH;Zürich
2181;FRIB;Zürich Friesenberg;680731;246552;443;SZU;1;ZH;Zürich
2182;BORR;Borrweg;681062;246484;435;SZU;0;ZH;Zürich
2183;ZBZ;Zürich Binz;681549;246331;422;SZU;1;ZH;Zürich
1909;ADW;Adliswil;682079;240726;4555;SZU;1;ZH;Adliswil
1910;LNG;Langnau-Gattikon;683614;237974;469;SZU;1;ZH;Langnau am Albis
1911;SIA;Sihlau;682174;239727;456;SZU;1;ZH;Adliswil
1912;SIW;Sihlwald;684669.273;235867.639;484.4;SZU;1;ZH;Horgen
1913;SOOD;Sood-Oberleimbach;681864;241545;446;SZU;1;ZH;Adliswil
1914;WP;Wildpark-Höfli;682968;238984;462;SZU;1;ZH;Langnau am Albis
1915;ZBRU;Zürich Brunau;682174;245102;423;SZU;1;ZH;Zürich
1916;ZLE;Zürich Leimbach;681631;243025;433;SZU;1;ZH;Zürich
1917;ZMA;Zürich Manegg;681700;243620;430.4;SZU;1;ZH;Zürich
1918;ZSAA;Zürich Saalsporthalle;681847;245776;421.8;SZU;1;ZH;Zürich
1919;ZSEL;Zürich Selnau;682580;247475;398.3;SZU;1;ZH;Zürich
1035;ZGH;Zürich Giesshübel;681827.773;246299.639;418.3;SZU;1;ZH;Zürich
3207;ZUSS;Zürich HB SZU Süd (Spw.);682843.436;247880.079;396.633;SZU;0;;
2176;BGF;Berghof;678715;246950;543.3;SZU;0;ZH;Zürich
2689;VMG;Villmergen, Bahnhof;661095;244210;428;WM;0;AG;Villmergen
2810;REIN;Reinach AG Nord;656250;234325;523;WSB;0;AG;Reinach (AG)
2811;REMI;Reinach AG Mitte;656390;233970;527;WSB;0;AG;Reinach (AG)
2812;REI;Reinach AG;656460;233480;532;WSB;1;AG;Reinach (AG)
2813;ME;Menziken;656840;232480;548;WSB;1;AG;Menziken
2476;LEIM;Leimbach AG;655185;235980;519;WSB;0;AG;Leimbach (AG)
373;EL;Elgg;707350.624;261838.278;507;SBB CFF;1;ZH;Elgg
374;AD;Aadorf;710377.441;260736.295;527.6;SBB CFF;1;TG;Aadorf
375;GUN;Guntershausen;711441.433;259199.708;546.2;SBB CFF;1;TG;Aadorf
376;ESL;Eschlikon;714596.833;257855.43;566.8;SBB CFF;1;TG;Eschlikon
377;SIR;Sirnach;717757.369;257973.783;549.4;SBB CFF;1;TG;Sirnach
416;HUEW;Hüntwangen-Wil;680812.987;270616.276;393.2;SBB CFF;1;ZH;Hüntwangen
417;RZ;Rafz;683079.819;273152.899;423.5;SBB CFF;1;ZH;Rafz
418;LOT;Lottstetten;684802.055;275617.072;448.3;SBB CFF;1;;
419;JE;Jestetten;685242.81;278811.295;437.9;SBB CFF;1;;
420;AR;Altenburg-Rheinau;686997.674;279859.517;428;SBB CFF;0;;
1807;BIRR;Birr;658768.029;254185.683;398;SBB CFF;1;AG;Birr
1808;LUPF;Lupfig;658555.9;255221.8;391.7;SBB CFF;1;AG;Lupfig
1839;BGVL;Brugg AG VL;657774;258518;0;SBB CFF;0;AG;Windisch
1840;KAAG;Kaiserstuhl AG;673786;268876;368.2;SBB CFF;1;AG;Kaiserstuhl
1841;MELN;Mellikon;668768;269042;348;SBB CFF;1;AG;Mellikon
1843;RBLA;RBL A-Gruppe;672278;251868;389;SBB CFF;1;ZH;Dietikon
1844;RBLE;RBL E-Gruppe;670271;253338;394;SBB CFF;0;AG;Spreitenbach
1845;RBLL;RBL L-Gruppe;672076;252136;389.3;SBB CFF;0;ZH;Dietikon
1846;RBLU;RBL U-Gruppe;670793;253121;391;SBB CFF;0;AG;Spreitenbach
1847;RUEN;Rümikon AG;670364;268716;353.7;SBB CFF;1;AG;Rümikon
1848;SHN;Schaffhausen Nord (Abzw);691413;285663;0;SBB CFF;1;SH;Schaffhausen
1850;FETI;Fehraltorf Industrie;698773;249287;0;SBB CFF;0;ZH;Fehraltorf
1851;ZHDW;Zürich Hardbrücke West (Spw);680414.367;249232.199;400.9;SBB CFF;0;ZH;Zürich
1924;MEIB;Meilibach (Abzw);690037.477;234046.367;408.5;SBB CFF;0;ZH;Wädenswil
1932;ZKOL;Zürich Kollerwiese (Spw);681602.541;246699.923;391.3;SBB CFF;0;ZH;Zürich
1933;TWNO;Thalwil Nord (Abzw);684897.8;239283.009;435.15;SBB CFF;0;ZH;Thalwil
1934;NIDO;Nidelbad Ost (Abzw);684377.369;239586.752;429.9;SBB CFF;0;ZH;Rüschlikon
1935;NIDB;Nidelbad (Abzw);683373.585;240733.494;417.15;SBB CFF;0;ZH;Kilchberg (ZH)
1954;FILD;Filderen (Agl);677531.778;243814.5;527.05;SBB CFF;0;ZH;Wettswil am Albis
1955;ZFFR;Frauenfeld Zuckerrüben;708125.6;268042.1;407;SBB CFF;0;TG;Frauenfeld
1964;MEDE;Meder (Verzw);692096.011;275076.351;402.8;SBB CFF;1;ZH;Marthalen
1965;TOEM;Tössmühle (Spw);695551.642;258888.169;447.35;SBB CFF;0;ZH;Winterthur
1968;ZVBO;Zürich Vorbahnhof Ost;681697.8371;248581.7652;404.1;SBB CFF;0;ZH;Zürich
1969;ZVBW;Zürich Vorbahnhof West;680603.0932;249104.3382;402.1;SBB CFF;0;ZH;Zürich
1970;ZASN;Zürich Altstetten Nord (Abzw);680110.113;249306.613;404.2;SBB CFF;0;ZH;Zürich
1985;WALS;Waltenschwil;664907.214;242155.365;432;SBB CFF;0;AG;Waltenschwil
421;NH;Neuhausen;689073.374;282063.167;397.2;SBB CFF;1;SH;Neuhausen am Rheinfall
422;SH;Schaffhausen;689634.95;283756.302;403.8;SBB CFF;1;SH;Schaffhausen
423;SHRB;Schaffhausen GB;690244.31;285058.214;412;SBB CFF;0;SH;Schaffhausen
424;FT;Feuerthalen;690637.144;283091.954;408.7;SBB CFF;1;ZH;Feuerthalen
425;LAN;Langwiesen;691879.744;282141.638;408.7;SBB CFF;1;ZH;Feuerthalen
426;SCHT;Schlatt;693778.088;281732.186;404.2;SBB CFF;1;TG;Schlatt (TG)
427;DSH;Diessenhofen;698631.515;282475.189;412.9;SBB CFF;1;TG;Diessenhofen
428;SCHN;Schlattingen;700028.492;280403.04;426.5;SBB CFF;1;TG;Basadingen-Schlattingen
429;EW;Etzwilen;703657.862;279856.423;438.2;SBB CFF;1;TG;Wagenhausen
430;STR;Stein am Rhein;706402.082;279345.602;413.1;SBB CFF;1;SH;Stein am Rhein
431;EZ;Eschenz;708041.95;278185.572;417.2;SBB CFF;1;TG;Eschenz
432;MAM;Mammern;710857.293;278098.686;411.7;SBB CFF;1;TG;Mammern
433;STK;Steckborn;715848.924;280457.272;403.7;SBB CFF;1;TG;Steckborn
452;OWT;Oberwinterthur;699571.496;262746.615;457;SBB CFF;1;ZH;Winterthur
453;WD;Wiesendangen;700716.833;264725.52;470;SBB CFF;1;ZH;Wiesendangen
454;RIK;Rickenbach-Attikon;701687.275;265833.591;471.8;SBB CFF;1;ZH;Rickenbach (ZH)
455;ISL;Islikon;705955.324;267296.246;422.7;SBB CFF;1;TG;Gachnang
456;FF;Frauenfeld;709724.675;268513.687;404.6;SBB CFF;1;TG;Frauenfeld
457;FEL;Felben-Wellhausen;713192.135;270685.402;398.8;SBB CFF;1;TG;Felben-Wellhausen
458;HM;Hüttlingen-Mettendorf;715541.292;271313.827;403.7;SBB CFF;1;TG;Hüttlingen
459;MUEL;Müllheim-Wigoltingen;718609.705;272022.085;411.5;SBB CFF;1;TG;Wigoltingen
473;BD;Baden;665510.353;258768.385;385.1;SBB CFF;1;AG;Baden
474;WE;Wettingen;666156.609;256909.098;388.3;SBB CFF;1;AG;Wettingen
475;KLW;Killwangen-Spreitenbach;669071.555;254017.045;393.15;SBB CFF;1;AG;Killwangen
476;DT;Dietikon;672939.536;251000.703;388.3;SBB CFF;1;ZH;Dietikon
477;SCHL;Schlieren;676138.321;250306.281;392.6;SBB CFF;1;ZH;Schlieren
478;ZMUE;Zürich Mülligen;677890.143;250043.136;395.2;SBB CFF;1;ZH;Schlieren
479;ZAS;Zürich Altstetten;679298.815;249492.344;398.9;SBB CFF;1;ZH;Zürich
480;ZVBN;Zürich Vorbahnhof Nord;681596.985;248687.788;405.3;SBB CFF;0;ZH;Zürich
481;ZHDB;Zürich Hardbrücke;681434.618;248822.465;405;SBB CFF;1;ZH;Zürich
482;ZUE;Zürich HB;683188.654;248066.136;407.7;SBB CFF;1;ZH;Zürich
483;ZWIE;Zürich Wiedikon;681935.856;247303.741;405.5;SBB CFF;1;ZH;Zürich
484;ZEN;Zürich Enge;682501.232;246491.164;409;SBB CFF;1;ZH;Zürich
485;ZWOL;Zürich Wollishofen;682737.122;244642.16;409.3;SBB CFF;1;ZH;Zürich
486;KIL;Kilchberg;683862.444;242099.568;424.1;SBB CFF;1;ZH;Kilchberg (ZH)
487;RUES;Rüschlikon;684430.037;240184.016;433;SBB CFF;1;ZH;Rüschlikon
488;TW;Thalwil;685174.228;238954.815;435.1;SBB CFF;1;ZH;Thalwil
489;ORD;Oberrieden;686236.014;237157.184;424.5;SBB CFF;1;ZH;Oberrieden
490;HG;Horgen;687662.116;235155.172;408.7;SBB CFF;1;ZH;Horgen
491;AU;Au ZH;691229.522;233578.268;409.9;SBB CFF;1;ZH;Wädenswil
492;WAE;Wädenswil;693643.937;231668.78;408.2;SBB CFF;1;ZH;Wädenswil
493;RI;Richterswil;696124.718;229380.922;407.8;SBB CFF;1;ZH;Richterswil
494;BAE;Bäch;697630.051;228583.381;411.3;SBB CFF;1;SZ;Freienbach
495;FRB;Freienbach SBB;699818.689;229323.512;409.6;SBB CFF;1;SZ;Freienbach
496;PF;Pfäffikon SZ;701486.705;228872.17;411.9;SBB CFF;1;SZ;Freienbach
497;ALTD;Altendorf;704896.552;227927.224;412.2;SBB CFF;1;SZ;Altendorf
498;LA;Lachen;707162.999;227534.162;416.2;SBB CFF;1;SZ;Lachen
499;SIB;Siebnen-Wangen;710815.392;226778.563;433.1;SBB CFF;1;SZ;Wangen (SZ)
500;SCBU;Schübelbach-Buttikon;713713.648;226134.856;417.9;SBB CFF;1;SZ;Schübelbach
501;RG;Reichenburg;717021.866;225788.576;419.9;SBB CFF;1;SZ;Reichenburg
528;URD;Urdorf;675205.358;249372.281;442;SBB CFF;1;ZH;Schlieren
529;BIRI;Birmensdorf Industrie;675011;246407;479;SBB CFF;0;ZH;Birmensdorf (ZH)
530;BIR;Birmensdorf ZH;675466.03;245656.049;488;SBB CFF;1;ZH;Birmensdorf (ZH)
531;BON;Bonstetten-Wettswil;677826.821;242180.799;527;SBB CFF;1;ZH;Bonstetten
532;HED;Hedingen;676185.142;239144.447;496.8;SBB CFF;1;ZH;Hedingen
533;AF;Affoltern am Albis;676265.179;236619.809;494;SBB CFF;1;ZH;Affoltern am Albis
534;MTM;Mettmenstetten;677127.486;233073.009;461;SBB CFF;1;ZH;Mettmenstetten
535;KNO;Knonau;677869.933;230435.673;436;SBB CFF;1;ZH;Knonau
15;BAA;Baar;682190.411;227725.299;444;SBB CFF;1;ZG;Baar
16;BDO;Baden Oberstadt;665261.264;258010.23;395.7;SBB CFF;1;AG;Baden
17;BLG;Baldegg;663785.902;226423.649;470;SBB CFF;1;LU;Hochdorf
20;BLL;Ballwil;666604.585;222905.461;515;SBB CFF;1;LU;Ballwil
43;BW;Beinwil am See;657786.497;235427.023;520;SBB CFF;1;AG;Beinwil am See
48;BNZ;Benzenschwil;670176.781;233295.938;458;SBB CFF;1;AG;Benzenschwil
52;BRF;Birrfeld;658614.508;255052.901;391.6;SBB CFF;0;AG;Lupfig
53;BWL;Birrwil;657520.721;237718.92;521;SBB CFF;1;AG;Birrwil
56;BONI;Boniswil;656398.402;240730.364;482;SBB CFF;1;AG;Boniswil
57;BOS;Boswil-Bünzen;666294.022;239736.799;446;SBB CFF;1;AG;Boswil
74;CHAM;Cham;677231.8;225755.25;418;SBB CFF;1;ZG;Cham
84;DAET;Dättwil;664277.83;255781.13;431.6;SBB CFF;1;AG;Baden
90;DOT;Dottikon-Dintikon;660123.964;247283.4;423;SBB CFF;1;AG;Villmergen
102;ESEE;Ermensee;660862.134;231285.118;467;SBB CFF;1;LU;Ermensee
111;GELF;Gelfingen;662585.632;229509.519;469;SBB CFF;1;LU;Gelfingen
3206;WITZ;Witzberg (Agl);700553.139;247867.148;545.268;SBB CFF;0;;
127;GMT;Gruemet (Abzw);662627.076;253220.533;396;SBB CFF;0;AG;Mellingen
132;HD;Hallwil;655733.162;242236.204;472;SBB CFF;1;AG;Hallwil
136;HDK;Hendschiken;658043.336;249017.663;419;SBB CFF;1;AG;Hendschiken
141;HIK;Hitzkirch;661603.74;230512.523;470;SBB CFF;1;LU;Hitzkirch
142;HO;Hochdorf;664450.27;224350.206;483;SBB CFF;1;LU;Hochdorf
143;HGO;Horgen Oberdorf;687129.183;234843.405;483.6;SBB CFF;1;ZH;Horgen
167;LB;Lenzburg;655248.248;249187.563;406;SBB CFF;1;AG;Lenzburg
172;LITT;Litti (Baar);683118.462;229243.43;467;SBB CFF;1;ZG;Baar
187;MAEG;Mägenwil;660111.302;251826.588;416;SBB CFF;1;AG;Mägenwil
193;TG;Turgi;661403.445;260429.201;341.7;SBB CFF;1;AG;Turgi
195;MEL;Mellingen;663006.602;253559.039;401;SBB CFF;1;AG;Mellingen
201;MO;Mosen;659471.094;232894.462;459;SBB CFF;1;LU;Mosen
202;MUEH;Mühlau;671940.265;230889.683;445;SBB CFF;1;AG;Mühlau
204;MI;Muri AG;668185.917;236587.732;459;SBB CFF;1;AG;Muri (AG)
215;ORDD;Oberrieden Dorf;686179.649;236828.955;460.1;SBB CFF;1;ZH;Oberrieden
216;OI;Oberrüti;673252.202;224335.381;403;SBB CFF;1;AG;Oberrüti
226;OTH;Othmarsingen;658583.44;251024.596;419;SBB CFF;1;AG;Othmarsingen
249;RK;Rotkreuz;675235.84;221673.767;429;SBB CFF;1;ZG;Risch
260;SBAD;Schinznach Bad;654925.733;255920.917;351.8;SBB CFF;1;AG;Schinznach-Bad
270;SBG;Sihlbrugg;686196.535;232570.198;514.2;SBB CFF;1;ZH;Horgen
271;SINS;Sins;672694.969;226817.748;406;SBB CFF;1;AG;Sins
280;STE;Steinhausen;678794.345;227592.28;424;SBB CFF;1;ZG;Steinhausen
302;WI;Wildegg;654666.925;251859.052;354;SBB CFF;1;AG;Möriken-Wildegg
303;WO;Wohlen AG;662803.134;244511.288;423;SBB CFF;1;AG;Wohlen (AG)
311;ZG;Zug;681600.455;225309.19;425;SBB CFF;1;ZG;Zug
312;ZGO;Zug Oberwil;681252.665;222410.999;430.44;SBB CFF;1;ZG;Zug
326;BGN;Brugg AG Nord (Abzw);657218.924;259253.75;360.9;SBB CFF;0;AG;Brugg
327;BG;Brugg AG;658053.447;259183.635;352.1;SBB CFF;1;AG;Brugg
328;BGS;Brugg AG Süd (Abzw);658006.975;258195.577;360.6;SBB CFF;1;AG;Hausen (AG)
1024;VSPW;Villnachern (Spw);654757.662;258512.546;396;SBB CFF;0;AG;Villnachern
1025;NHOF;Neuenhof;667317.739;255924.375;389.1;SBB CFF;1;AG;Neuenhof
1026;RBLR;RBL R-Gruppe;671378;252563;389;SBB CFF;0;AG;Spreitenbach
1028;RBLM;RBL Mitte (Abzw);671306.1864;252376.8635;390.58;SBB CFF;0;AG;Spreitenbach
1029;RBLN;RBL Nord (Abzw);670240.3276;253428.8709;393.3;SBB CFF;0;AG;Spreitenbach
1031;ZHER;Zürich Herdern Abstellgruppe;680240;249420;400.9;SBB CFF;1;ZH;Zürich
1032;OPS;Opfikon Süd;684409.344;253242.271;435.91;SBB CFF;0;ZH;Zürich
1038;WRB;Winterthur GB;696460;261154;0;SBB CFF;0;ZH;Winterthur
1671;ZVB;Zürich Vorbahnhof;681363.628;248735.237;405;SBB CFF;0;ZH;Zürich
1673;EWW;Etzwilen West (Abzw);703414.078;279787.668;438.2;SBB CFF;0;TG;Wagenhausen
1675;RWO;Rapperswil Ost (Abzw);704934.75;231418.587;410.6;SBB CFF;0;SG;Rapperswil-Jona
1677;WNO;Winterthur Nord;696978.213;262169.978;438.9;SBB CFF;0;ZH;Winterthur
1681;EINF;Einfang (Abzw);677295.003;250283.044;393.75;SBB CFF;0;ZH;Schlieren
1696;TAO;Tanklager Otelfingen;672800.162;257048.417;436;SBB CFF;0;ZH;Otelfingen
1697;TAOO;Tanklager O'fingen (Gleisende);673676.633;256760.214;442;SBB CFF;0;ZH;Otelfingen
1698;ZLET;Zürich Letten;682655;249068;408.4;SBB CFF;0;ZH;Zürich
1699;TAFR;Tanklager Frevlig;679900;259300;429;SBB CFF;0;ZH;Niederhasli
1700;TAOH;Tanklager Oberhasli;678820;257330;462.8;SBB CFF;0;ZH;Niederhasli
1701;TAOW;Tanklager Oberhasli (Gleisend);677378;256745.755;475;SBB CFF;0;ZH;Regensdorf
1712;ZLEE;Zürich Lettentunnel Ende;683786.904;246907.114;410.6;SBB CFF;0;ZH;Zürich
1713;PFOS;Pfäffikon SZ Ost (Abzw);702060.1;228867.5;412.5;SBB CFF;0;SZ;Freienbach
1714;NWGE;Niederweningen (Gleisende);669952.021;262784.667;444.2;SBB CFF;0;AG;Schneisingen
1729;HAHO;Hagenholz (Abzw);687633.231;255587.958;443.7;SBB CFF;0;ZH;Kloten
1740;NIDS;Nidelbad Süd (Abzw);683612.291;240163.454;420.4;SBB CFF;0;ZH;Rüschlikon
1776;ZUN;Zürich HB Nord;681915;248735;405;SBB CFF;0;ZH;Zürich
1777;ZGV;Zürich HB Cargo GV;681248;248771.5;404;SBB CFF;0;ZH;Zürich
1778;ZHW;Zürich Hauptwerkstätte;680316;249132;402;SBB CFF;0;ZH;Zürich
1794;ZLOG;Zürich Lochergut (Abzw);681562.132;247877.794;404.8;SBB CFF;0;ZH;Zürich
